Threads,ParallelAvgTime(S),Speedup
2,3.6e-05,0.0166667
4,0.000149,0.00402685
8,0.000709,0.000846262
